mean,std,rms,skewness,kurtosis,peak,crest_factor,file,label
0.012607048538945311,0.13866162366530224,0.13923355755837463,-0.008853972805768238,-0.015235647948537157,0.6070200798403194,4.359725414254745,ball_fault_0.mat,ball_fault
0.013443559443270718,0.29121590933470093,0.29152604538898663,0.16403154145445975,2.3960120423036138,1.739030499001996,5.965266314661733,inner_race_fault_0.mat,inner_race_fault
0.01255821119994551,0.0726870986839877,0.07376396805784112,-0.03541096076740884,-0.23573744513289707,0.31125415384615385,4.219596120156227,normal.mat,normal
0.023171476248918663,0.6691044871630503,0.6695055877685285,0.056946721019071,4.649674427170055,3.630425149700599,5.422546451417384,outer_race_fault_0.mat,outer_race_fault
